frame,timestamp_seconds,ground_truth_x,ground_truth_y
1,0.0,317.33286679688104,241.36592910276443
2,0.03333333333333333,312.1184075995202,246.80312337794476
3,0.06666666666666667,308.40006423830334,248.71955959177376
4,0.1,313.02635585615246,250.03783240344274
5,0.13333333333333333,317.3058216880934,254.07053971395374
6,0.16666666666666666,314.7220673062192,248.01948310084094
7,0.2,309.9788838211749,254.13920920868486
8,0.23333333333333334,310.57829580095756,259.79497601649405
9,0.26666666666666666,309.2281343107843,253.29240253169814
10,0.3,304.1377722576327,251.83211681765863
11,0.3333333333333333,303.51642937698625,254.1346394760294
12,0.36666666666666664,300.71873914113917,255.73719047503414
13,0.4,303.77520903969094,261.43812767892314
14,0.43333333333333335,307.4892732729513,256.8769060819228
15,0.4666666666666667,306.96270340489866,262.40041691784745
16,0.5,300.8326206587766,263.34363738498223
17,0.5333333333333333,297.6331753720267,258.5042081227922
18,0.5666666666666667,302.430903144579,253.4639088065038
19,0.6,307.11602877949656,251.82003681407775
20,0.6333333333333333,313.43111526043424,257.12287443397463
21,0.6666666666666666,315.7419952955928,261.65704177690804
22,0.7,313.04761579650926,257.87228235504494
23,0.7333333333333333,318.29230495552395,252.40443385928654
24,0.7666666666666667,320.71617535270354,251.92699520286442
25,0.8,326.39647300374475,245.8482373840368
26,0.8333333333333334,331.3755896000033,243.38097440871547
27,0.8666666666666667,335.8583732697705,241.83402870367456
28,0.9,333.4850903360665,244.22384802180375
29,0.9333333333333333,327.0576536584506,241.80306099643292
30,0.9666666666666667,323.2377984195763,241.39129811954933
31,1.0,321.8463790843948,247.5945824587376
32,1.0333333333333334,321.2207604944,249.7303911974634
33,1.0666666666666667,319.1275956759448,244.81484232483547
34,1.1,320.8251709453875,241.45677921676838
35,1.1333333333333333,323.4268702942786,239.11694049514676
36,1.1666666666666667,325.0402367638004,244.81576801912627
37,1.2,325.30632520497545,247.4014980093882
38,1.2333333333333334,321.8020020534044,247.96475554448637
39,1.2666666666666666,325.07536799061177,244.37189595774953
40,1.3,328.1176382301885,244.42081330770645
41,1.3333333333333333,324.0480400998604,247.9894132888104
42,1.3666666666666667,319.6355465993055,252.09933979752338
43,1.4,324.2949577743899,249.22265536849284
44,1.4333333333333333,330.7817110202303,249.11636230063073
45,1.4666666666666666,334.5843239554156,244.89932461421233
46,1.5,334.57254178425524,239.39094061543108
47,1.5333333333333334,335.1844343347939,239.23190865438028
48,1.5666666666666667,328.77408205878885,237.9470171405925
49,1.6,331.8008168386798,231.49360904470836
50,1.6333333333333333,331.30932621747786,229.64963908661514
51,1.6666666666666667,328.8566240510851,228.0792455897673
52,1.7,325.83806701044193,226.33541662722757
53,1.7333333333333334,321.7760726832761,225.19346458771588
54,1.7666666666666666,328.242740366219,231.0268451607816
55,1.8,327.62257680059963,229.54749474914388
56,1.8333333333333333,326.922798207367,229.68774062499028
57,1.8666666666666667,329.3520376679146,235.0115701676067
58,1.9,330.47106514145526,229.06442769325452
59,1.9333333333333333,325.8308607164844,229.52098823705353
60,1.9666666666666666,323.0057126233245,234.04041756555648
61,2.0,321.29641575908886,229.99142196628952
62,2.033333333333333,319.92157806470743,225.0948911717892
63,2.066666666666667,326.1810680144762,224.6648273722592
64,2.1,320.2998275889489,227.91894724817985
65,2.1333333333333333,319.0905874419134,231.5281405629347
66,2.1666666666666665,318.9198194556378,226.75286659715016
67,2.2,323.7976909093603,226.36224548869643
68,2.2333333333333334,329.8310309933545,223.92029319683104
69,2.2666666666666666,334.73205306183957,220.2102379660722
70,2.3,328.2415524041455,215.25246479970326
71,2.3333333333333335,333.02766914742176,211.0735726386456
72,2.3666666666666667,328.3204667673999,212.10982061113646
73,2.4,330.967322206327,213.525415888897
74,2.433333333333333,324.3870819929125,219.0616286474691
75,2.466666666666667,323.7877075143549,225.32864647055908
76,2.5,319.29206490084437,226.54390962464436
77,2.533333333333333,315.622279162637,228.37303574422833
78,2.566666666666667,320.14699999104266,233.51948377646602
79,2.6,325.40648406249045,236.34936181793694
80,2.6333333333333333,329.1696362587635,238.15875342140214
81,2.6666666666666665,332.5409788580022,238.1658707476231
82,2.7,330.9723548176702,235.7357202211299
83,2.7333333333333334,333.8544477367908,236.05516934976015
84,2.7666666666666666,335.2035036679084,234.73014384266503
85,2.8,341.4612887493729,237.87986671697286
86,2.8333333333333335,340.5987454731678,233.4908939031401
87,2.8666666666666667,340.13045758745443,227.7662340969489
88,2.9,333.8450175145757,232.10233049280907
89,2.933333333333333,331.20388611577334,228.2339414665787
90,2.966666666666667,329.97339913288135,227.3965397956215
91,3.0,330.02521300605747,227.37442287282045
92,3.033333333333333,323.56096528655155,227.28193192325398
93,3.066666666666667,320.29926703195974,225.0045180066944
94,3.1,326.10367923349634,229.45430888385306
95,3.1333333333333333,326.2863047843681,231.93289982553085
96,3.1666666666666665,330.1243477403052,225.94042258031527
97,3.2,331.72703943332203,222.61160063120292
98,3.2333333333333334,328.80021703233,220.31194551773308
99,3.2666666666666666,323.97419532111076,218.75068057041733
100,3.3,327.9673442869689,218.42625359183296
101,3.3333333333333335,329.04013337429456,215.25513309996325
102,3.3666666666666667,334.6218154308759,208.90361701246002
103,3.4,334.70844434062474,204.22789487259934
104,3.433333333333333,339.6606652413916,206.89621356265434
105,3.466666666666667,342.33565250182323,209.52411999733158
106,3.5,347.89369517647424,214.08869765862562
107,3.533333333333333,353.0865661229284,214.68624268286203
108,3.566666666666667,347.7916420605443,212.5278397607898
109,3.6,345.2685485377824,215.11198020310633
110,3.6333333333333333,344.18708458770857,217.3929349657269
111,3.6666666666666665,348.10232441618314,219.15997781379417
112,3.7,352.6212458560258,212.51200135517854
113,3.7333333333333334,351.3980483800792,219.1532161039055
114,3.7666666666666666,353.99457879642523,217.7400245705038
115,3.8,349.9509523885199,218.26904239557177
116,3.8333333333333335,352.73888214269596,218.31260408082744
117,3.8666666666666667,346.49282066506953,213.89428682933953
118,3.9,340.59394843595726,207.659472657999
119,3.933333333333333,340.9126847769346,207.0894731068546
120,3.966666666666667,335.38660121535406,201.04682399589421
121,4.0,338.8120696664297,201.11945755829458
122,4.033333333333333,332.59330907414767,200.66985347449088
123,4.066666666666666,329.19917225644076,203.68735150593295
124,4.1,332.3936240893689,198.9996007079351
125,4.133333333333334,338.8987527135064,196.3307374226797
126,4.166666666666667,342.1512753199885,197.84709054010636
127,4.2,340.401608955415,196.80084817101613
128,4.233333333333333,336.50034851733585,193.18956196560896
129,4.266666666666667,336.0114621700035,188.25284269859355
130,4.3,331.23366863535557,190.41308004168968
131,4.333333333333333,333.3706898681046,185.48018918193372
132,4.366666666666666,338.2283271065795,179.82020143457544
133,4.4,337.32013570936317,181.8185102044239
134,4.433333333333334,330.8415631592686,187.10217101873718
135,4.466666666666667,328.1250529681291,193.4725429632873
136,4.5,325.1552930303418,196.14167205397496
137,4.533333333333333,328.54263366170994,198.08105020986693
138,4.566666666666666,329.4637217714252,204.61020629377458
139,4.6,323.1523796451369,205.11418655287594
140,4.633333333333334,316.50055070539645,209.58921095943515
141,4.666666666666667,312.65477126212863,210.13622700123813
142,4.7,316.64959319414834,211.4777158930907
143,4.733333333333333,313.89182687224854,212.5038342191101
144,4.766666666666667,317.8593048248091,217.8369746268146
145,4.8,318.039176909239,216.84106530882912
146,4.833333333333333,324.41188542292673,217.31062105098272
147,4.866666666666666,321.53841910694973,211.92340755222517
148,4.9,323.0423712612338,207.13465572053258
149,4.933333333333334,329.0387262810781,200.99270281381735
150,4.966666666666667,332.22816535703896,206.55120263503647
151,5.0,335.19571189721444,211.35309551062778
152,5.033333333333333,339.74244811558503,213.16428123853655
153,5.066666666666666,339.02244913938864,212.45340230023362
154,5.1,343.9657833747002,212.325380974999
155,5.133333333333334,339.35648702084313,216.86206806736834
156,5.166666666666667,332.8024558486969,222.11259233583428
157,5.2,329.9535445904652,225.64839801988637
158,5.233333333333333,333.6659743293384,229.15596173772622
159,5.266666666666667,330.64237088294635,230.87225803148908
160,5.3,327.8249550878138,235.48836184295828
161,5.333333333333333,321.5767464668163,234.91041930517395
162,5.366666666666666,316.8350594280249,228.61188224521857
163,5.4,316.9687095690556,221.94603102249152
164,5.433333333333334,322.8323818976784,224.64170055062175
165,5.466666666666667,316.2582825931946,223.47857300781232
166,5.5,312.09850869946524,225.32467887152586
167,5.533333333333333,306.4893064456942,225.57658872545903
168,5.566666666666666,310.9321906045915,230.24406422654295
169,5.6,316.69786427809333,234.56068465099725
170,5.633333333333334,320.44376126020495,232.74255939477075
171,5.666666666666667,326.75089624800194,231.50986361778598
172,5.7,328.4226798444531,228.9628109166772
173,5.733333333333333,331.0142473366127,231.64383559583086
174,5.766666666666667,334.37937282696714,237.33521221862532
175,5.8,327.8065395352496,238.61583073213433
176,5.833333333333333,322.0353538454972,241.12726127750614
177,5.866666666666666,322.8757256794876,246.30934221409723
178,5.9,325.0399412175201,246.675909469722
179,5.933333333333334,319.51632252945706,249.92908691330956
180,5.966666666666667,315.2162924093733,245.2963702698188
181,6.0,315.1656320289395,244.24809747184747
182,6.033333333333333,317.9117578427513,238.05768382672738
183,6.066666666666666,321.1295113443849,242.22780910440576
184,6.1,319.69260890903524,248.22840031176634
185,6.133333333333334,314.24233220903557,245.5446290467578
186,6.166666666666667,315.54297072410554,247.4329028781026
187,6.2,319.7742272476303,253.7004803829002
188,6.233333333333333,320.9133112880861,259.0945322343025
189,6.266666666666667,321.4191888707064,260.29363199724344
190,6.3,322.6252005888367,254.1143940747013
191,6.333333333333333,316.29479896463886,253.19274321724163
192,6.366666666666666,313.2377817761661,254.25741882522686
193,6.4,309.675158023196,252.50728389703352
194,6.433333333333334,311.75081960665466,250.83681861494404
195,6.466666666666667,306.6624679064547,249.37799686804203
196,6.5,302.65613490339126,251.08607202718645
197,6.533333333333333,296.38102545361073,248.16135063519903
198,6.566666666666666,293.3776427908397,253.90569604185202
199,6.6,288.8350379564504,251.9175340036827
200,6.633333333333334,288.12618446129545,249.33805154136326
201,6.666666666666667,282.97203586876617,254.23466591082956
202,6.7,286.5822674696799,254.9846121754431
203,6.733333333333333,283.94393071009574,248.4299313368423
204,6.766666666666667,283.8278551783884,246.62517058225353
205,6.8,285.38372200930155,248.28575743340275
206,6.833333333333333,279.9836148477109,250.12154419339583
207,6.866666666666666,274.0787409455618,256.516216383774
208,6.9,275.85917299412586,250.10416730134955
209,6.933333333333334,281.91825100137487,256.69215945768747
210,6.966666666666667,276.95898775510057,261.9705315269524
211,7.0,279.15289283219795,262.3036527643161
212,7.033333333333333,275.38703745099144,267.5239761797709
213,7.066666666666666,279.27041572601865,271.2101538587772
214,7.1,275.47792736620045,276.2152269770695
215,7.133333333333334,273.9730103318999,281.20375471366583
216,7.166666666666667,268.9857256212757,280.51107442704074
217,7.2,274.8974075475975,274.35507007782167
218,7.233333333333333,273.856756612204,275.657619530841
219,7.266666666666667,269.0215828101458,271.68091165784585
220,7.3,267.99515070639893,276.3264637107577
221,7.333333333333333,265.258604122183,274.30650388365166
222,7.366666666666666,258.7370507386821,275.3519627563221
223,7.4,258.8183211360214,279.81150927914655
224,7.433333333333334,257.3904636381726,282.4288763712236
225,7.466666666666667,257.9974724367049,287.4917551700862
226,7.5,252.1766132888423,284.5287740656913
227,7.533333333333333,253.29397731783695,283.9875035620039
228,7.566666666666666,253.29301106462674,280.71242699254935
229,7.6,258.05074610485485,275.9064479979186
230,7.633333333333334,254.75658468192137,278.6847625280334
231,7.666666666666667,248.44204825621682,275.68997143242245
232,7.7,246.93276964775475,274.5465920155257
233,7.733333333333333,241.2043500879663,274.76932085006456
234,7.766666666666667,236.49826752071533,273.4044199432435
235,7.8,235.71589028763913,268.44469005872656
236,7.833333333333333,233.8153070275232,271.69659770610497
237,7.866666666666666,231.3687919343705,269.7228687559684
238,7.9,227.65597326180034,275.18677291959716
239,7.933333333333334,231.60240827632992,273.9359334130579
240,7.966666666666667,228.47873823310783,275.51588456576997
241,8.0,233.4444831148811,273.2418649528388
242,8.033333333333333,236.36293778574213,272.2346634793462
243,8.066666666666666,239.90062832965964,267.2087872656027
244,8.1,234.80005733823737,265.3843060725335
245,8.133333333333333,237.4639947597925,268.8575019859027
246,8.166666666666666,237.4452549539003,272.1265437788054
247,8.2,232.32478461973858,274.59933070339434
248,8.233333333333333,237.38369585100872,272.7220844244184
249,8.266666666666667,240.85335673810732,267.51894385367837
250,8.3,241.93752782554304,272.73887673023864
251,8.333333333333334,245.3491127612233,278.4927503474744
252,8.366666666666667,241.0667191194334,272.272319870767
253,8.4,238.02792977789136,276.0446753511517
254,8.433333333333334,243.75789053727374,276.36698800924546
255,8.466666666666667,237.13846235986773,282.3670293495006
256,8.5,240.74907717662927,282.4663361460339
257,8.533333333333333,238.76126682955396,279.49233567084275
258,8.566666666666666,233.09718294473964,280.17362939865416
259,8.6,232.29919602494806,279.66136740108277
260,8.633333333333333,230.444623079944,275.20012985171047
261,8.666666666666666,230.47557732709402,271.9227247133449
262,8.7,233.04661282657491,269.61907193868
263,8.733333333333333,234.7946634189201,269.67557152655763
264,8.766666666666667,230.69771398056002,269.2547745499521
265,8.8,232.6573354395266,265.8381850038363
266,8.833333333333334,233.44160813064684,271.47826462144076
267,8.866666666666667,229.29608922159434,276.8809033710181
268,8.9,235.8971238087729,282.6678906118939
269,8.933333333333334,229.4223876831536,285.80702581087735
270,8.966666666666667,225.7514895777158,282.1767651513044
271,9.0,220.15680388017847,288.19642094197434
272,9.033333333333333,221.2690173998908,286.09691017152363
273,9.066666666666666,220.69621731888697,290.88224615607055
274,9.1,214.47434305536115,296.0714148867112
275,9.133333333333333,209.80935293703487,300.02663256306096
276,9.166666666666666,204.8111264520876,298.53128999470755
277,9.2,200.62288218281833,294.15702653682115
278,9.233333333333333,197.11548641084607,296.27785626699165
279,9.266666666666667,198.97181993399192,291.3302167796362
280,9.3,198.64416916203027,285.6646475361674
281,9.333333333333334,198.88163061774083,285.5197593978553
282,9.366666666666667,197.69219902654527,285.9632002728381
283,9.4,202.84967026803338,291.5481793138556
284,9.433333333333334,199.99678426190064,294.970026147314
285,9.466666666666667,196.2431371316669,297.42059971830395
286,9.5,197.11867438516856,296.93072541565925
287,9.533333333333333,199.47296090555665,291.31752370525624
288,9.566666666666666,195.30706051432787,285.53228122448945
289,9.6,191.22586100485807,280.8731824226909
290,9.633333333333333,192.84870874983505,284.699309331153
291,9.666666666666666,188.01753019660396,284.789081981196
292,9.7,181.61040466668976,287.4261414422069
293,9.733333333333333,178.53122195269702,285.37977494926736
294,9.766666666666667,183.20657112118465,282.61162729598436
295,9.8,177.85806617885373,280.44266577194253
296,9.833333333333334,175.71556656510597,275.5636168933895
297,9.866666666666667,170.7145601128343,269.60240073303385
298,9.9,174.1827065259689,276.1533341256679
299,9.933333333333334,170.88524204019973,278.8404646994086
300,9.966666666666667,171.73992898716494,284.88048115474135
301,10.0,178.3314214744579,282.11343196043185
302,10.033333333333333,174.0588077593568,284.92294669050034
303,10.066666666666666,179.56327406867888,286.44130080190826
304,10.1,177.32783099612755,285.8388941616229
305,10.133333333333333,175.6766592933651,288.1628315074747
306,10.166666666666666,179.4351950680126,292.9266974032407
307,10.2,182.41275210631102,291.6894087333974
308,10.233333333333333,176.10849876481439,293.34378870099704
309,10.266666666666667,181.6254904217169,290.0416790482934
310,10.3,180.2608901972983,294.18097673842226
311,10.333333333333334,184.53742298139434,295.2348423622366
312,10.366666666666667,186.57058545566053,295.1685282319331
313,10.4,188.81561295949894,291.0429860012641
314,10.433333333333334,190.84300393863157,284.50287936904783
315,10.466666666666667,195.70130676024007,286.5343966447622
316,10.5,196.95619784469284,281.94205780251195
317,10.533333333333333,200.14905194518053,279.528324539064
318,10.566666666666666,195.19283371307836,275.85011236968126
319,10.6,190.6146604221492,274.5136617612143
320,10.633333333333333,184.0735674195139,278.0993618095247
321,10.666666666666666,179.31320438160947,283.6970725861461
322,10.7,174.79888290335475,281.456629701833
323,10.733333333333333,168.3705407920902,284.1527702307028
324,10.766666666666667,173.48569232613465,287.4607915713582
325,10.8,174.89727702307528,285.9209620978502
326,10.833333333333334,181.26713086590462,279.4694003350828
327,10.866666666666667,180.54671643155905,277.6848354063991
328,10.9,174.64199403621444,279.6977723000591
329,10.933333333333334,175.23316798926146,274.4882397378526
330,10.966666666666667,172.93555754188355,277.49362910538525
331,11.0,173.26231856925688,282.07153971753723
332,11.033333333333333,169.2704903083461,275.4233582841389
333,11.066666666666666,170.83416971868724,276.3194993248401
334,11.1,175.8452190854124,274.21461620579134
335,11.133333333333333,169.59341419235375,271.4349441590996
336,11.166666666666666,176.00138711067893,276.52260485530815
337,11.2,170.36555290890817,273.4555816017057
338,11.233333333333333,170.1687574659511,278.34490630780306
339,11.266666666666667,172.324102817734,273.3286969961275
340,11.3,174.46105942310362,271.2819534135306
341,11.333333333333334,179.78365644391454,275.4239877358193
342,11.366666666666667,174.57303203196898,279.55335223618954
343,11.4,181.15333972305234,279.5077511586858
344,11.433333333333334,175.2197589323249,282.5449556295739
345,11.466666666666667,178.01937519440798,285.8736436256861
346,11.5,172.15918247603213,289.75665398934734
347,11.533333333333333,168.7814302274561,284.69870398878993
348,11.566666666666666,167.51824312503993,279.97767114045314
349,11.6,170.17592645120044,279.17675871962047
350,11.633333333333333,171.02437201959333,277.15497597926696
351,11.666666666666666,172.79329289195005,275.4880209317573
352,11.7,170.38565505092072,273.1856743550261
353,11.733333333333333,165.25655143469635,274.21059207653775
354,11.766666666666667,162.2892436550345,278.0151029716433
355,11.8,160.04292385678968,274.00054273830096
356,11.833333333333334,153.905984017558,276.51515618425196
357,11.866666666666667,156.95459237051443,277.77439085651963
358,11.9,155.87887616369824,273.24020011497873
359,11.933333333333334,153.66318574909644,273.01163141782627
360,11.966666666666667,155.103467771929,277.06106358933584
361,12.0,148.970101186517,279.17125151252026
362,12.033333333333333,154.49099747395405,275.94152634990223
363,12.066666666666666,155.13070160551388,272.0202457911207
364,12.1,151.2640566699015,268.4677492687226
365,12.133333333333333,152.93247539747074,268.98772749713044
366,12.166666666666666,158.41282254109115,264.02385969448255
367,12.2,155.47863268779793,269.6870903712231
368,12.233333333333333,155.23041947770514,275.5820002961502
369,12.266666666666667,153.75526692255914,275.1889724356831
370,12.3,149.54456891314237,269.8135529763181
371,12.333333333333334,153.90702779429068,274.1497420569149
372,12.366666666666667,150.5434633061218,276.03452261084135
373,12.4,143.92205745060187,271.7388559260444
374,12.433333333333334,139.17226128440007,270.7882306279098
375,12.466666666666667,137.947183763147,266.3772578258224
376,12.5,131.7516891485003,266.48793034259165
377,12.533333333333333,132.59015410871632,269.14408059405537
378,12.566666666666666,126.8037671859571,265.9838367738371
379,12.6,129.48948489386055,263.409562743842
380,12.633333333333333,128.50905792014828,265.87739407852155
381,12.666666666666666,133.9212489741857,262.5705017503843
382,12.7,130.84297782494127,260.01362685945617
383,12.733333333333333,135.0927134652435,256.6669720786804
384,12.766666666666667,129.62645877531259,252.0882747542057
385,12.8,128.43027091921874,257.92121541623294
386,12.833333333333334,123.99855144562378,263.1166736051523
387,12.866666666666667,121.89649946757106,257.9626960260839
388,12.9,117.29957107966607,259.0202928365536
389,12.933333333333334,114.78064740022626,254.80643660379485
390,12.966666666666667,115.5868062291629,258.92238919609986
391,13.0,109.48484304591705,255.19075512881034
392,13.033333333333333,106.59996164058077,258.7776340923682
393,13.066666666666666,107.28755974094884,255.28126193789376
394,13.1,108.40344993917688,253.4553406386358
395,13.133333333333333,109.29190506220107,255.66265477859008
396,13.166666666666666,112.16401895177,258.62383105362244
397,13.2,113.39642154976025,258.715189124884
398,13.233333333333333,118.40595932748977,260.5464704072075
399,13.266666666666667,114.45814571341043,263.3114423400268
400,13.3,111.81828107117747,268.2506047943357
401,13.333333333333334,112.8620589110169,262.26662144912984
402,13.366666666666667,118.53676658153336,266.4212028499285
403,13.4,120.92325866559133,264.07019818573826
404,13.433333333333334,114.88217357589008,263.66595223899526
405,13.466666666666667,109.63509917072554,264.04196048271797
406,13.5,109.29355932390183,263.1839129930611
407,13.533333333333333,108.95904354199911,263.71661376022837
408,13.566666666666666,114.1875948188216,269.24861444962016
409,13.6,107.55393358005563,266.23940433772805
410,13.633333333333333,109.05650574279957,271.7541548306597
411,13.666666666666666,109.6222337515095,276.1320351741206
412,13.7,110.02076446380352,275.8927982707514
413,13.733333333333333,107.80971140066413,271.1618845399357
414,13.766666666666667,107.74657840987425,276.3059368820127
415,13.8,102.86830038252288,271.0534257425709
416,13.833333333333334,98.58541283741613,271.7736225141566
417,13.866666666666667,102.43656987498696,270.0271579877651
418,13.9,99.9550532172151,274.0012723988041
419,13.933333333333334,96.85557019140879,270.6823274893127
420,13.966666666666667,95.81328021821093,276.8243982956667
421,14.0,100.51834917035228,278.32093297269284
422,14.033333333333333,94.01896731816805,272.9551348048508
423,14.066666666666666,97.29877476440834,276.85910054757596
424,14.1,102.71345539216861,271.3798590509084
425,14.133333333333333,99.72406232048206,277.9267728031962
426,14.166666666666666,97.28673515354706,277.93646016300386
427,14.2,98.50543069335049,273.59998398702123
428,14.233333333333333,104.74530391204974,270.6290396038262
429,14.266666666666667,98.58784429963964,265.44919467548993
430,14.3,99.10718131801764,266.7582089301511
431,14.333333333333334,95.83459143737525,269.305287706052
432,14.366666666666667,100.29641991592462,266.2573103963473
433,14.4,103.37401999079566,272.20753361794686
434,14.433333333333334,103.43358013793193,267.19831589323985
435,14.466666666666667,106.56186102918196,270.38214752793124
436,14.5,112.18491339141497,270.02094476400293
437,14.533333333333333,115.26409684640407,272.8573537992095
438,14.566666666666666,121.69627842645241,266.47687322839806
439,14.6,120.43605392204063,260.0029730446844
440,14.633333333333333,125.13550477009858,265.8707910646233
441,14.666666666666666,119.5616416632048,271.342280115266
442,14.7,125.00589869105124,275.9667375851725
443,14.733333333333333,124.60850201389451,274.52817032552184
444,14.766666666666667,121.58520602602903,275.26795523715646
445,14.8,117.02890333133394,270.0820099074683
446,14.833333333333334,112.83335464991069,266.31539210452956
447,14.866666666666667,116.51777845778827,262.4456416031272
448,14.9,120.63461178238367,265.3397591662733
449,14.933333333333334,114.03838409679952,264.4217025210694
450,14.966666666666667,116.05764246418732,269.25701712208024
451,15.0,120.10412758548159,267.2172896350969
452,15.033333333333333,125.24811371851615,267.8936944503073
453,15.066666666666666,125.22129446805968,271.13799514935886
454,15.1,124.6219772246501,275.7506973705247
455,15.133333333333333,123.37391955842543,269.72420730679914
456,15.166666666666666,120.76256189870628,270.17963689909743
457,15.2,117.71707613952606,273.16026557419036
458,15.233333333333333,120.05741600241959,279.2687716172911
459,15.266666666666667,125.15900908782453,280.00466989467145
460,15.3,120.36354040715526,286.6522942884967
461,15.333333333333334,123.90424311631364,284.81675968033574
462,15.366666666666667,123.91511784610191,282.80668741747127
463,15.4,123.86044202544599,279.9945600414683
464,15.433333333333334,119.09518240408568,276.61393866985213
465,15.466666666666667,122.9416527646581,278.2147059513143
466,15.5,118.18136603135565,274.93393857690876
467,15.533333333333333,123.82704485295972,270.70907075198056
468,15.566666666666666,125.88896318682578,276.49494286198865
469,15.6,125.73902334168031,278.9439242613312
470,15.633333333333333,124.6292555335416,284.74532376812226
471,15.666666666666666,120.65672606654289,285.21005376261155
472,15.7,122.29681185242453,278.7455100922566
473,15.733333333333333,123.99150209459458,280.2786577802365
474,15.766666666666667,119.84989848762223,280.31696205049
475,15.8,121.42379499688877,282.10999511626574
476,15.833333333333334,120.70925257129625,276.28217959850895
477,15.866666666666667,124.43152740682456,270.492638263858
478,15.9,121.75962053350281,268.9827238531748
479,15.933333333333334,119.69843160092262,264.5416023671289
480,15.966666666666667,114.3282069630302,270.36460429499766
481,16.0,118.41288714430948,276.71937918992467
482,16.033333333333335,121.95768761604756,283.22241381226286
483,16.066666666666666,116.8517977450797,280.9657473756747
484,16.1,112.95621678944781,281.82012017554985
485,16.133333333333333,114.46964149134794,283.4729446905724
486,16.166666666666668,110.43324560348162,281.9810634278433
487,16.2,112.3380552527783,286.5219717782761
488,16.233333333333334,118.01285817876453,283.62863299303194
489,16.266666666666666,112.38503911967678,281.61017767363387
490,16.3,107.90058210670372,281.56873066480057
491,16.333333333333332,110.93318714043073,281.58856123334704
492,16.366666666666667,113.74772665389628,280.35209485551627
493,16.4,109.37840194100261,283.4849563488315
494,16.433333333333334,113.37784305918751,288.2982648140385
495,16.466666666666665,112.32492423998463,292.7917862145912
496,16.5,110.94207348605426,287.39819240156635
497,16.533333333333335,116.78875676234054,281.6563393686929
498,16.566666666666666,117.63226377934598,275.1921546442577
499,16.6,121.01255458563378,281.6893124446128
500,16.633333333333333,126.92224436941751,286.56347012886476
501,16.666666666666668,129.6028976636842,280.03535070878866
502,16.7,126.58077887233048,275.27992456625793
503,16.733333333333334,129.00807847150475,278.35124666354295
504,16.766666666666666,123.90933198109985,281.235314825318
505,16.8,121.67933252719763,279.91229980786943
506,16.833333333333332,121.40513161381762,277.31497817133186
507,16.866666666666667,120.90012636830068,281.4111663119261
508,16.9,123.40913820887204,283.5111920042493
509,16.933333333333334,124.35561223643697,282.2844169031589
510,16.966666666666665,122.11494769252238,278.62590579765083
511,17.0,126.31954179987417,279.52170664376945
512,17.033333333333335,127.73770407482061,285.734762951206
513,17.066666666666666,128.42740165530756,281.5994039595523
514,17.1,135.04295726797648,280.59126353529246
515,17.133333333333333,135.33346514868447,277.5417123803627
516,17.166666666666668,133.99645475618047,282.55673239610974
517,17.2,139.3174006786013,279.0210818163612
518,17.233333333333334,139.11052502612858,279.179877775224
519,17.266666666666666,145.58796860646112,277.4285887668059
520,17.3,146.61709740467336,282.4798277791567
521,17.333333333333332,141.0962912390645,276.7321370269565
522,17.366666666666667,135.88898394112857,281.8853049168479
523,17.4,132.94472888046596,288.4392552862578
524,17.433333333333334,129.16361690394558,294.14785133444343
525,17.466666666666665,130.3536252817471,298.64945600795045
526,17.5,124.67352597284685,302.0576148322971
527,17.533333333333335,121.81173303295986,298.0397056099896
528,17.566666666666666,125.14326656264575,292.8902416216988
529,17.6,125.29649876175824,296.2013541680842
530,17.633333333333333,121.48902841638392,299.4298609364173
531,17.666666666666668,125.80631924744796,303.3611772575309
532,17.7,127.8392962521383,297.77885728509045
533,17.733333333333334,122.77942393758724,299.6858147315854
534,17.766666666666666,119.28461777433733,294.5476330135982
535,17.8,125.23777460791348,289.93373263398576
536,17.833333333333332,126.99985299316893,293.80487353188914
537,17.866666666666667,120.61291681885302,289.64961346384234
538,17.9,122.34217885631153,290.19260911882543
539,17.933333333333334,128.11139949434516,295.3458626308975
540,17.966666666666665,126.84669698409687,291.94188221333957
541,18.0,130.70262042064235,291.64946424527284
542,18.033333333333335,131.67085165180936,290.0375003335778
543,18.066666666666666,135.2551673907185,284.7517611616629
544,18.1,140.6027562394279,287.8764423160155
545,18.133333333333333,142.02437988335384,291.4530236371834
546,18.166666666666668,144.6026427255855,293.32692089773354
547,18.2,146.67137507190125,296.2295827794792
548,18.233333333333334,148.4374585162301,291.780794353235
549,18.266666666666666,154.8169264904301,294.2481519342705
550,18.3,158.89361399950724,288.1746274222992
551,18.333333333333332,154.77412443891285,288.74412938316004
552,18.366666666666667,155.73683119797954,291.7232554910561
553,18.4,161.79940264257095,285.4224939672865
554,18.433333333333334,158.41463957346616,283.509053041583
555,18.466666666666665,158.67837978487296,286.90194665041395
556,18.5,159.58546137117662,283.19115864118226
557,18.533333333333335,158.33097749132094,281.1685667124125
558,18.566666666666666,155.59620326703737,278.1971539713811
559,18.6,152.02853050652186,274.7749658967666
560,18.633333333333333,151.0916100271993,280.70328447242764
561,18.666666666666668,145.336038737497,282.22790508386515
562,18.7,140.31415641971648,280.5457101890179
563,18.733333333333334,142.85683863874408,284.00903494284444
564,18.766666666666666,138.3643112683169,281.8675978132828
565,18.8,141.2769599474674,286.62651956936475
566,18.833333333333332,142.0799390316755,284.0882036619744
567,18.866666666666667,147.258982804619,286.35855036616886
568,18.9,148.01379666478294,290.44641381254246
569,18.933333333333334,143.98979903525787,286.5313098047345
570,18.966666666666665,144.19986481429487,287.3724683673495
571,19.0,145.97564219141782,280.8507835747614
572,19.033333333333335,148.3129464731711,283.4506528380123
573,19.066666666666666,148.52885652452198,279.77326894929115
574,19.1,152.578196192311,275.8203637427207
575,19.133333333333333,150.55305869956567,277.1917600230588
576,19.166666666666668,153.55997141420983,281.74884338686456
577,19.2,150.7630073459061,285.7919879645922
578,19.233333333333334,148.95946363348037,284.1462005399271
579,19.266666666666666,143.17664792893083,286.8489722166755
580,19.3,149.0023415509462,289.1989149051533
581,19.333333333333332,146.15861261790383,287.58381731903364
582,19.366666666666667,149.4848556029898,284.5250625368442
583,19.4,145.73306200443562,285.15498807614836
584,19.433333333333334,141.3986444971315,290.1974499329958
585,19.466666666666665,135.40281435553118,292.92180704585667
586,19.5,135.82423448126997,289.78902952862927
587,19.533333333333335,135.79198027211794,292.89536636580806
588,19.566666666666666,135.6096646332553,291.0143212091723
589,19.6,136.72301948975974,294.7279091113212
590,19.633333333333333,138.66951310812135,289.4649641534495
591,19.666666666666668,132.71935191140926,286.34633622101774
592,19.7,138.72832989694666,282.6189469716396
593,19.733333333333334,134.14682711914668,276.68674370265194
594,19.766666666666666,133.02346102638046,277.90389023378316
595,19.8,129.06930389005652,277.37637888247946
596,19.833333333333332,125.27596487647327,274.9555543155859
597,19.866666666666667,125.69822563676905,280.42604043739607
598,19.9,128.43646822556786,284.1435806684631
599,19.933333333333334,127.84169159395503,281.6664985564014
600,19.966666666666665,128.95388116977256,280.90659949424935
601,20.0,131.12768863857752,282.169811333441
602,20.033333333333335,124.81628172657292,283.6499242163411
603,20.066666666666666,126.48998545819927,279.8117505860246
604,20.1,128.35982579835888,275.75201400964806
605,20.133333333333333,123.16561957035196,277.58881022754827
606,20.166666666666668,123.22741449742398,274.2079925180028
607,20.2,124.37321128025303,280.61767472088627
608,20.233333333333334,125.37994459697347,282.839928350533
609,20.266666666666666,121.06549766795683,287.9961952907638
610,20.3,124.93254949291679,292.32356257509196
611,20.333333333333332,126.76726668969684,295.9463817344979
612,20.366666666666667,131.02512177766846,290.8346453920817
613,20.4,129.4642849670829,293.0162616416467
614,20.433333333333334,129.8243943284109,298.07280073761126
615,20.466666666666665,133.50151663325573,297.64461804972325
616,20.5,135.30711895235868,292.6954873179275
617,20.533333333333335,134.15789381087825,289.32944337195204
618,20.566666666666666,135.5988960870003,290.02900934081345
619,20.6,133.58623381488133,293.5538108273165
620,20.633333333333333,138.5139179695493,296.2932700594549
621,20.666666666666668,136.0170614687222,300.0285005342794
622,20.7,141.01759552236354,301.65985043316505
623,20.733333333333334,137.23707980294114,300.0556171604462
624,20.766666666666666,136.82274546696567,295.4649762775009
625,20.8,141.80390681361723,294.76391473507306
626,20.833333333333332,136.69956898328928,298.168017536334
627,20.866666666666667,132.85974715256395,293.0176814430167
628,20.9,132.08521859197754,295.77200536510577
629,20.933333333333334,127.37985671795718,291.54637472288005
630,20.966666666666665,126.87064922072068,291.5401052252894
631,21.0,126.87727927986691,291.5992624563089
632,21.033333333333335,122.54475398592945,295.7811774570598
633,21.066666666666666,125.75666972254976,296.6866025061097
634,21.1,125.51522419751939,294.3020688427896
635,21.133333333333333,122.59652529519417,291.92628381127133
636,21.166666666666668,118.83688641771471,295.24364205830943
637,21.2,115.25277838389366,291.8151030776505
638,21.233333333333334,115.8448039955457,292.247765208514
639,21.266666666666666,113.61315792366918,291.64933195642425
640,21.3,107.27243197412474,295.9204464975769
641,21.333333333333332,106.22704493323874,290.9817907151855
642,21.366666666666667,104.42440907780542,288.62597499562685
643,21.4,100.8650006117175,293.66242775392993
644,21.433333333333334,97.40833063496984,296.35533500775887
645,21.466666666666665,99.6691878949257,291.8002653340293
646,21.5,103.28044025004908,288.99745147265935
647,21.533333333333335,108.24503258891343,285.8292663419288
648,21.566666666666666,103.94540635303485,283.1997679206986
649,21.6,100.1118583653415,284.2990287432913
650,21.633333333333333,95.45336255130599,287.718245334584
651,21.666666666666668,96.79099882835294,289.55280640094134
652,21.7,100.51369788760678,284.1951770926239
653,21.733333333333334,102.73363027150663,283.6504804543431
654,21.766666666666666,107.23111269476101,281.50142497423144
655,21.8,101.09873593382736,286.1729044603255
656,21.833333333333332,107.44809492432478,287.6388736346885
657,21.866666666666667,106.88877018353162,283.80202682363847
658,21.9,100.33428018990082,285.2217387883268
659,21.933333333333334,103.5426688837681,279.4768524991207
660,21.966666666666665,106.80445566127594,280.63467760915523
661,22.0,103.65067136794846,278.8623930362123
662,22.033333333333335,106.34151381869833,279.9214720887935
663,22.066666666666666,108.06282591643526,278.301662386305
664,22.1,103.46997583374116,275.5645329729848
665,22.133333333333333,96.98156824033379,271.8625194461231
666,22.166666666666668,92.16935428744648,274.50670602695936
667,22.2,91.1226656828211,270.28520804654204
668,22.233333333333334,93.50663869505638,270.62864678605797
669,22.266666666666666,89.72347243135675,267.5871062663275
670,22.3,94.7504090044414,270.76319200783496
671,22.333333333333332,88.50181024282745,267.99252932410946
672,22.366666666666667,84.0824201456553,269.38261974307443
673,22.4,86.57323342630548,263.92222396693774
674,22.433333333333334,91.33192965407238,265.81219129245005
675,22.466666666666665,85.71744116326238,263.6857825193057
676,22.5,83.3969437160016,266.9703271322751
677,22.533333333333335,83.62166564034192,272.1045273582795
678,22.566666666666666,88.87609646106466,269.009297428388
679,22.6,95.27026178927213,267.56789353605177
680,22.633333333333333,96.2630205179563,261.1460922765465
681,22.666666666666668,96.52342420000366,262.0891286362381
682,22.7,101.83163425030318,263.21036703890354
683,22.733333333333334,96.55809311247685,257.6013015690379
684,22.766666666666666,94.47969584623286,261.16022818209296
685,22.8,89.82980690934005,264.9366047511994
686,22.833333333333332,83.28597696406189,262.74361827165455
687,22.866666666666667,81.22403851763488,267.87229949655944
688,22.9,75.83113079255088,270.9257203675311
689,22.933333333333334,71.14973744818121,265.0504617353836
690,22.966666666666665,71.61821822533636,260.85647253106686
691,23.0,73.61846708805206,264.71970312554026
692,23.033333333333335,74.75239398289375,265.4439410980408
693,23.066666666666666,68.42289944162337,267.94158946838
694,23.1,68.46695830862745,269.84182298211886
695,23.133333333333333,62.076663638538776,269.65851176416754
696,23.166666666666668,59.74571744318234,270.5070365174579
697,23.2,65.9367292212886,275.95865261741346
698,23.233333333333334,64.81814595073286,279.62592484038714
699,23.266666666666666,67.3598373914781,284.0853694985094
700,23.3,71.24521129855646,285.2345582379983
701,23.333333333333332,72.93757510548778,289.0351314584302
702,23.366666666666667,71.44298772104298,294.87985455515036
703,23.4,68.66742399782447,301.34911646307023
704,23.433333333333334,66.98879573215572,307.28690944765617
705,23.466666666666665,68.62061419883082,313.3191447140987
706,23.5,74.54348510753005,319.73849849242833
707,23.533333333333335,71.34897920972014,324.8533098900216
708,23.566666666666666,65.47633341675873,330.199969470719
709,23.6,69.66802674360451,323.9377476534339
710,23.633333333333333,66.5391100187868,318.4148237281661
711,23.666666666666668,64.16703768653895,313.408666371947
712,23.7,57.71858824380081,307.37073263114576
713,23.733333333333334,61.337602784205046,305.41178842877116
714,23.766666666666666,61.36312467398034,300.87890314855827
715,23.8,56.79129607845289,302.76439495473414
716,23.833333333333332,55.77349422690577,300.60802572914235
717,23.866666666666667,53.24759736487238,306.93626797479055
718,23.9,53.43681439234297,303.6085994025598
719,23.933333333333334,58.229088688635215,297.9470919742357
720,23.966666666666665,63.353579745982756,298.3666667542391
721,24.0,68.95625824988315,292.27652586181375
722,24.033333333333335,63.88097559507378,293.8412071030225
723,24.066666666666666,59.88089768610132,295.07855617035284
724,24.1,57.55144574603128,290.12765839151393
725,24.133333333333333,53.450081507550976,290.57755113341364
726,24.166666666666668,46.80070714001852,288.35023933615116
727,24.2,47.4513831126186,292.4149816877523
728,24.233333333333334,50.3784714020951,289.06569536942857
729,24.266666666666666,51.3593872217599,293.78201659748856
730,24.3,46.23780068688836,291.2340062989301
731,24.333333333333332,40.03291736549761,296.7904647994542
732,24.366666666666667,40.145849588016176,292.04865641850074
733,24.4,38.95442143625428,292.03559682138234
734,24.433333333333334,38.641840165297936,292.43984740421
735,24.466666666666665,37.76159769805565,297.52107876727973
736,24.5,43.13591194771573,295.4526513487001
737,24.533333333333335,45.68910486087111,295.63484356413824
738,24.566666666666666,50.19208146316532,297.4629150777689
739,24.6,50.51369982199253,295.32328031294946
740,24.633333333333333,49.99849444515496,299.83654336343966
741,24.666666666666668,47.65485063714789,300.7940575659545
742,24.7,47.453416670323804,298.0181755369281
743,24.733333333333334,45.39269032157267,294.94928493419934
744,24.766666666666666,43.18998740692507,296.8652843985483
745,24.8,38.836923911439044,294.64664378760494
746,24.833333333333332,42.01399638248324,297.6966780305145
747,24.866666666666667,40.93904260384011,296.1956416538751
748,24.9,40.69086303988206,291.67819490027046
749,24.933333333333334,34.21095162985239,298.10194898176246
750,24.966666666666665,30.938953029119943,297.44838605146765
751,25.0,25.599839317511055,301.7415954848475
752,25.033333333333335,22.25830905383907,307.7467775075572
753,25.066666666666666,28.42247692242097,305.69165859848226
754,25.1,23.924682970577464,310.37417482452656
755,25.133333333333333,17.651167782222387,307.9427390677422
756,25.166666666666668,13.139311840901541,309.01137945055643
757,25.2,6.890567701795703,307.68884667655834
758,25.233333333333334,10.06506640294333,305.7167335687386
759,25.266666666666666,15.132868333481156,307.2769738883917
760,25.3,10.31413137216498,301.8037094344172
761,25.333333333333332,15.778201721257687,302.728951381823
762,25.366666666666667,20.81839083180921,308.1807001422301
763,25.4,18.50118670998961,306.8372184764264
764,25.433333333333334,13.783276452374139,303.22598990229335
765,25.466666666666665,13.653853518893698,308.50846371531657
766,25.5,14.81330818520405,307.7827947366595
767,25.533333333333335,8.443388994189604,311.34315467208125
768,25.566666666666666,7.808641145672368,307.5641450275414
769,25.6,12.383050849220467,308.24223020403565
770,25.633333333333333,10.329487762840472,307.56267926250007
771,25.666666666666668,8.444461560456602,308.7529256662872
772,25.7,11.121323303697636,304.98815684454894
773,25.733333333333334,5.916304459865842,303.31356226743196
774,25.766666666666666,6.725914132947423,297.7934661253405
775,25.8,10.343803877178289,292.5831962876748
776,25.833333333333332,10.169931516751035,298.9672558316163
777,25.866666666666667,6.300197846686046,297.07547792096466
778,25.9,7.134673482945459,302.4676143100339
779,25.933333333333334,8.889082559446933,301.7529131705214
780,25.966666666666665,14.411363121503086,305.7214966363506
781,26.0,14.104168847612414,311.10933388693616
782,26.033333333333335,19.96109666840414,310.0863398262818
783,26.066666666666666,18.907741382471613,306.98877061330563
784,26.1,24.59129132996884,312.2009329059281
785,26.133333333333333,27.429474965109307,310.4875985650392
786,26.166666666666668,28.27042193290356,315.6010456254546
787,26.2,29.183310298369747,311.17873609026265
788,26.233333333333334,24.78374436041247,315.4074717507842
789,26.266666666666666,22.452104062153694,313.17669998125325
790,26.3,21.620329517059645,319.8265236537211
791,26.333333333333332,17.166327031241735,321.3831978935086
792,26.366666666666667,11.01041113006795,327.3032698227837
793,26.4,11.673297689891797,326.05835953785027
794,26.433333333333334,11.137829773651447,329.3074678312885
795,26.466666666666665,9.337753756272377,335.2947707327435
796,26.5,12.216059274529016,338.1356577792335
797,26.533333333333335,15.887661593497796,334.89006534662553
798,26.566666666666666,14.275523310290623,341.13069214652546
799,26.6,9.546292014841015,338.929969411525
800,26.633333333333333,13.08443783574694,345.0426151538061
801,26.666666666666668,12.613157690506796,339.1314228863762
802,26.7,9.660593274707935,340.9064576821502
803,26.733333333333334,4.945498429102145,335.8827083749095
804,26.766666666666666,6.70456576567949,338.0913142913614
805,26.8,6.60233313736785,337.8570287346008
806,26.833333333333332,4.933407496863538,341.11625280561407
807,26.866666666666667,-0.9725388029391979,342.10556836991395
808,26.9,-1.8411061335935983,342.08481263381327
809,26.933333333333334,-2.758026793353338,340.1583424338278
810,26.966666666666665,-5.1175335458056,339.80876373991805
811,27.0,-3.3993742298644065,336.2787292703201
812,27.033333333333335,-4.576605903551695,330.6887148895596
813,27.066666666666666,-2.8078517502062823,330.0714817486114
814,27.1,2.81222401530772,329.7806037201349
815,27.133333333333333,-2.046460574630146,327.93978433536313
816,27.166666666666668,1.6137911946358372,325.25701550270264
817,27.2,4.5368171974208735,326.6497163861725
818,27.233333333333334,-0.26733256174452436,332.1018365326604
819,27.266666666666666,-3.0739590110576955,329.6601326901982
820,27.3,-3.7845098265817114,334.9971817528301
821,27.333333333333332,2.2717616042217514,336.2503236551554
822,27.366666666666667,6.999664009936964,335.5200163694835
823,27.4,10.083572524438637,338.23038010780306
824,27.433333333333334,14.619388680724455,333.06012129149144
825,27.466666666666665,11.584565457443546,339.60472223584884
826,27.5,18.021983367633084,339.20464800500304
827,27.533333333333335,16.737880222797116,334.522795627968
828,27.566666666666666,21.272571577794793,337.43945418572685
829,27.6,23.481849231744945,341.477551787284
830,27.633333333333333,27.4292158739687,340.67742406138814
831,27.666666666666668,28.63510053724815,339.09934334702393
832,27.7,24.7917608783157,339.12892862889544
833,27.733333333333334,21.395281757957378,339.5641390122403
834,27.766666666666666,20.986912188940096,335.7323490789306
835,27.8,24.056265935021088,334.45030845162137
836,27.833333333333332,21.12194639592849,333.88328268671216
837,27.866666666666667,26.252598593205676,328.4433764289265
838,27.9,23.048852741507744,327.3965508943886
839,27.933333333333334,23.829134462966977,327.61949624077874
840,27.966666666666665,28.89023814999473,330.47698363963536
841,28.0,25.422796110431364,329.6498641569938
842,28.033333333333335,22.233816089982383,323.2386656914873
843,28.066666666666666,20.426865347947114,321.9592947200249
844,28.1,19.342667279896318,323.09543887871087
845,28.133333333333333,12.719153656536264,324.8717008116421
846,28.166666666666668,15.714098436195627,329.6068658241304
847,28.2,14.103888303726762,332.96149892038375
848,28.233333333333334,12.316139571633812,335.9804039750145
849,28.266666666666666,6.443884069559886,334.38143620703545
850,28.3,12.498551939758045,331.69117500639345
851,28.333333333333332,15.753403362542144,326.1759390541092
852,28.366666666666667,9.359482909222038,324.87959861653917
853,28.4,4.671020234677826,325.4959907517905
854,28.433333333333334,-1.9495087117068124,328.7767256840855
855,28.466666666666665,-3.494394908163599,333.4229876293309
856,28.5,2.280726996842759,334.0345665671548
857,28.533333333333335,3.0229150343847095,336.66394128693764
858,28.566666666666666,8.397171793678467,336.39488275880376
859,28.6,2.3008132225511417,334.4575642394193
860,28.633333333333333,0.7870992605563742,330.1848002178724
861,28.666666666666668,-2.8853378634979663,330.6258924828437
862,28.7,-2.6695777315061378,325.306588676762
863,28.733333333333334,1.0961355893678046,321.5775827950065
864,28.766666666666666,4.356850572917779,324.15867960569994
865,28.8,1.1214287685139652,320.1416767135306
866,28.833333333333332,5.559870977834635,316.7053364201688
867,28.866666666666667,4.41519714971821,314.3988179491846
868,28.9,1.4603655148789585,320.4427618141008
869,28.933333333333334,-3.632477611922809,315.24781437785055
870,28.966666666666665,-9.369464196677768,312.92337891300554
871,29.0,-7.073398654826406,316.69692364076695
872,29.033333333333335,-10.396389507365598,314.7615041507447
873,29.066666666666666,-7.671577146763752,318.8111292719609
874,29.1,-4.238195160908049,325.2207243612993
875,29.133333333333333,-3.0878509661719136,320.9023527484003
876,29.166666666666668,3.2564907568325907,323.0232992049432
877,29.2,9.100472568385499,327.12392864215894
878,29.233333333333334,14.184858009262484,321.31885182204223
879,29.266666666666666,16.923594857060948,322.86732701362484
880,29.3,16.052287971877718,323.41193705713795
881,29.333333333333332,16.893872325295888,326.12781937887416
882,29.366666666666667,12.415667245331633,327.859523006525
883,29.4,8.155837025158576,322.57665568303014
884,29.433333333333334,4.191121459491455,322.00128288013025
885,29.466666666666665,0.7021870554041243,317.8497566818942
886,29.5,-3.567546711242926,319.0073341280249
887,29.533333333333335,-6.855816702965285,321.88291611704676
888,29.566666666666666,-3.8437214163639055,320.73977900605814
889,29.6,-1.37243924902873,326.81288489196663
890,29.633333333333333,-1.9967405191877106,327.40951445104065
891,29.666666666666668,2.0155724112477174,328.03464157089275
892,29.7,8.394998651535616,324.8738213347365
893,29.733333333333334,6.1342271775530435,319.0704643715992
894,29.766666666666666,4.995072203609993,322.1177364837447
895,29.8,1.3956226498150954,326.4947923744014
896,29.833333333333332,1.0029372651903259,326.0146357179774
897,29.866666666666667,7.057221841425303,329.78664169411013
898,29.9,4.214285314162225,332.26312228883853
899,29.933333333333334,8.378955898575782,334.9468520210687
900,29.966666666666665,6.539320124366213,329.56209817701574
